distance,angle,raw_angle,time,speed
0.02684467,37.96875,432,798681,0
0.02696895,37.79297,430,798694,-0.009560065
0.03063523,32.60742,371,798706,-0.282022
0.03678713,23.90625,272,798719,-0.4732232
0.04523823,11.95313,136,798732,-0.6500845
0.2892637,357.0996,4063,798745,18.77119
0.3033696,337.1484,3836,798758,-1.17549
0.3210796,312.0996,3551,798770,-1.362309
0.3418967,282.6563,3216,798783,-1.601311
0.3630866,252.6855,2875,798796,-1.629991
0.3812937,226.9336,2582,798809,-1.517262
0.3969531,204.7852,2330,798821,-1.304949
0.4106861,185.3613,2109,798834,-1.056387
0.4244191,165.9375,1888,798847,-1.056387
0.4425641,140.2734,1596,798860,-1.395769
0.468166,104.0625,1184,798873,-2.133488
0.4948242,66.35742,755,798885,-2.22152
0.5134042,40.07813,456,798898,-1.42923
0.5287529,18.36914,209,798911,-1.180668
0.7661914,354.1992,4030,798924,19.78655
0.7883756,322.8223,3673,798936,-1.706472
0.8139153,286.6992,3262,798949,-1.964593
0.8395171,250.4883,2850,798962,-1.969374
0.860272,221.1328,2516,798975,-1.596531
0.8772985,197.0508,2242,798988,-1.309729
0.8915287,176.9238,2013,799000,-1.185846
0.9079337,153.7207,1749,799013,-1.261929
0.9304907,121.8164,1386,799026,-1.735152
0.9591373,81.29883,925,799039,-2.203595
0.9814458,49.74609,566,799052,-1.859034
0.9979752,26.36719,300,799064,-1.271489
1.014442,3.076172,35,799077,-1.266709
1.24865,334.3359,3804,799090,18.01594
1.274003,298.4766,3396,799103,-2.112774
1.300102,261.5625,2976,799115,-2.007614
1.322659,229.6582,2613,799128,-1.735152
1.340493,204.4336,2326,799141,-1.371869
1.355096,183.7793,2091,799154,-1.123308
1.370072,162.5977,1850,799167,-1.247987
1.390889,133.1543,1515,799179,-1.601311
1.419225,93.07617,1059,799192,-2.179695
1.444392,57.48047,654,799205,-1.935913
1.461853,32.7832,373,799218,-1.455122
1.478134,9.755859,111,799230,-1.356733
1.714144,343.5645,3909,799243,18.15456
1.738316,309.375,3520,799256,-1.859433
1.764788,271.9336,3094,799269,-2.036294
1.788774,238.0078,2708,799281,-1.99885
1.807914,210.9375,2400,799294,-1.47225
1.823635,188.7012,2147,799307,-1.209348
1.837927,168.4863,1917,799320,-1.099408
1.856818,141.7676,1613,799333,-1.45313
1.883352,104.2383,1186,799346,-2.211164
1.910507,65.83008,749,799358,-2.088874
1.929522,38.93555,443,799371,-1.46269
1.945368,16.52344,188,799384,-1.218908
2.181875,351.0352,3994,799396,19.70887
2.204929,318.4277,3623,799409,-1.773392
2.231463,280.8984,3196,799422,-2.041074
2.256132,246.0059,2799,799435,-1.897673
2.276825,216.7383,2466,799448,-1.591751
2.292609,194.4141,2212,799460,-1.315306
2.307088,173.9355,1979,799473,-1.113748
2.324301,149.5898,1702,799486,-1.324069
2.349219,114.3457,1301,799499,-1.916793
2.378176,73.38867,835,799512,-2.227495
2.39918,43.68164,497,799525,-1.750289
2.414528,21.97266,250,799537,-1.180668
2.651532,357.1875,4064,799550,18.23104
2.673405,326.25,3712,799563,-1.682572
2.700064,288.5449,3283,799576,-2.050634
2.725355,252.7734,2876,799588,-2.107596
2.746918,222.2754,2529,799601,-1.658671
2.763696,198.5449,2259,799614,-1.290609
2.778485,177.627,2021,799627,-1.137648
2.79458,154.8633,1762,799640,-1.238028
2.817509,122.4316,1393,799653,-1.910818
2.846343,81.65039,929,799665,-2.402763
2.869459,48.95508,557,799678,-1.778172
2.885305,26.54297,302,799691,-1.218908
2.902455,2.285156,26,799704,-1.42923
3.136352,333.1055,3790,799716,19.49138
3.161954,296.8945,3378,799729,-1.969374
3.187928,260.1563,2960,799742,-1.998054
3.210361,228.4277,2599,799755,-1.725592
3.228133,203.291,2313,799768,-1.481014
3.242923,182.373,2075,799780,-1.137648
3.258334,160.5762,1827,799793,-1.185448
3.279958,129.9902,1479,799806,-1.663451
3.308543,89.56055,1019,799819,-2.198815
3.333213,54.66797,622,799832,-2.055813
3.350425,30.32227,345,799844,-1.324069
3.366644,7.382813,84,799857,-1.247589
3.601411,339.4336,3862,799870,18.05896
3.626143,304.4531,3464,799883,-2.060991
3.652863,266.6602,3034,799895,-2.055414
3.676352,233.4375,2656,799908,-1.806852
3.695118,206.8945,2354,799921,-1.44357
3.710218,185.5371,2111,799934,-1.161548
3.725194,164.3555,1870,799947,-1.151988
3.745017,136.3184,1551,799960,-1.6519
3.77385,95.53711,1087,799973,-2.217935
3.799141,59.76563,680,799985,-1.945473
3.817286,34.10156,388,799998,-1.395769
3.833132,11.68945,133,800011,-1.320484
4.06852,344.6191,3921,800023,18.10677
4.092817,310.2539,3530,800036,-1.868993
4.120097,271.6699,3091,800049,-2.098435
4.143586,238.4473,2713,800062,-1.806852
4.162973,211.0254,2401,800075,-1.615651
4.178322,189.3164,2154,800087,-1.180668
4.193298,168.1348,1913,800100,-1.151988
4.212189,141.416,1609,800113,-1.45313
4.239717,102.4805,1166,800126,-2.117554
4.266624,64.42383,733,800139,-2.242234
4.285577,37.61719,428,800151,-1.579402
4.301672,14.85352,169,800164,-1.238028
4.537432,348.3105,3963,800177,18.13544
4.561108,314.8242,3582,800190,-1.821193
4.587642,277.2949,3155,800203,-2.211164
4.612249,242.4902,2759,800215,-1.892893
4.632258,214.1895,2437,800228,-1.539171
4.648602,191.0742,2174,800241,-1.257149
4.66308,170.5957,1941,800254,-1.113748
4.681287,144.8438,1648,800267,-1.40055
4.707448,107.8418,1227,800280,-2.180094
4.735909,67.58789,769,800292,-2.189255
4.755483,39.90234,454,800305,-1.50571
4.771453,17.31445,197,800318,-1.228468
5.007587,351.2988,3997,800331,18.16412
5.030703,318.6035,3625,800343,-1.926353
5.057299,280.9863,3197,800356,-2.045854
5.082466,245.3906,2792,800369,-1.935913
5.102911,216.4746,2463,800382,-1.572631
5.119254,193.3594,2200,800395,-1.257149
5.133546,173.1445,1970,800408,-1.099408
5.151629,147.5684,1679,800421,-1.506905
5.17661,112.2363,1277,800433,-1.921573
5.205753,71.01563,808,800446,-2.241836
5.22626,42.01172,478,800459,-1.577411
5.242292,19.33594,220,800472,-1.233248
5.479171,354.375,4032,800485,19.73994
5.502474,321.416,3657,800497,-1.792512
5.528635,284.4141,3236,800510,-2.012394
5.553864,248.7305,2830,800523,-1.940693
5.574495,219.5508,2498,800536,-1.586971
5.591646,195.293,2222,800549,-1.319289
5.606124,174.8145,1989,800562,-1.20656
5.62371,149.9414,1706,800574,-1.352749
5.647883,115.752,1317,800587,-1.859433
5.677089,74.44336,847,800600,-2.246615
5.697968,44.91211,511,800613,-1.606091
5.71456,21.44531,244,800626,-1.276269
5.95206,357.3633,4066,800638,19.79173
5.975052,324.8438,3696,800651,-1.768612
6.001586,287.3145,3269,800664,-2.041074
6.026815,251.6309,2863,800677,-1.940693
6.047695,222.0996,2527,800690,-1.739932
6.064597,198.1934,2255,800702,-1.300169
6.079635,176.9238,2013,800716,-1.156768
6.096288,153.3691,1745,800728,-1.281049
6.120212,119.5313,1360,800741,-1.840313
6.149791,77.69531,884,800754,-2.275296
6.17154,46.93359,534,800767,-1.812429
6.18782,23.90625,272,800779,-1.252368
6.204474,0.3515625,4,800792,-1.281049
6.436506,328.5352,3738,800805,17.84864
6.462791,291.3574,3315,800818,-2.021954
6.488704,254.707,2898,800831,-2.15938
6.509894,224.7363,2557,800843,-1.765824
6.527355,200.0391,2276,800856,-1.343189
6.542269,178.9453,2036,800869,-1.147208
6.558239,156.3574,1779,800882,-1.228468
6.582101,122.6074,1395,800895,-1.835533
6.611431,81.12305,923,800908,-2.256176
6.63405,49.13086,559,800921,-1.884926
6.650331,26.10352,297,800933,-1.252368
6.667171,2.285156,26,800946,-1.295389
6.900881,332.8418,3787,800959,19.47585
6.927291,295.4883,3362,800971,-2.031514
6.953328,258.6621,2943,800984,-2.002834
6.976009,226.582,2578,800997,-1.744712
6.993595,201.709,2295,801010,-1.352749
7.008571,180.5273,2054,801023,-1.151988
7.024106,158.5547,1804,801036,-1.195008
7.0466,126.7383,1442,801049,-1.874569
7.075682,85.60547,974,801061,-2.237056
7.099606,51.76758,589,801074,-1.840313
7.115763,28.91602,329,801087,-1.242809
7.133473,3.867188,44,801100,-1.362309
7.367743,335.2148,3814,801113,18.02072
7.393779,298.3887,3395,801126,-2.169736
7.419506,262.002,2981,801138,-1.978933
7.442062,230.0977,2618,801151,-1.735152
7.459586,205.3125,2336,801164,-1.347969
7.475183,183.252,2085,801177,-1.299771
7.49016,162.0703,1844,801189,-1.247987
7.512343,130.6934,1487,801203,-1.584581
7.540617,90.70313,1032,801216,-2.356158
7.565722,55.19531,628,801228,-1.931133
7.582562,31.37695,357,801241,-1.295389
7.599154,7.910156,90,801254,-1.276269
7.834168,340.3125,3872,801266,19.58459
7.859273,304.8047,3468,801279,-1.931133
7.885683,267.4512,3043,801292,-2.031514
7.908488,235.1953,2676,801305,-1.754272
7.927566,208.2129,2369,801318,-1.46747
7.943411,185.8008,2114,801331,-1.218908
7.958076,165.0586,1878,801344,-1.128088
7.978334,136.4063,1552,801356,-1.688148
8.006111,97.11914,1105,801369,-2.136675
8.032458,59.85352,681,801382,-2.026734
8.050355,34.54102,393,801395,-1.49137
8.066201,12.12891,138,801407,-1.320484
8.301403,344.7949,3923,801420,18.09242
8.326694,309.0234,3516,801433,-1.945473
8.353539,271.0547,3084,801446,-2.064974
8.376532,238.5352,2714,801459,-1.768612
8.395857,211.2012,2403,801472,-1.48659
8.411578,188.9648,2150,801485,-1.310127
8.426368,168.0469,1912,801497,-1.137648
8.444948,141.7676,1613,801510,-1.42923
8.472539,102.7441,1169,801523,-2.122335
8.499259,64.95117,739,801536,-2.055414
8.518957,37.08984,422,801549,-1.51527
8.53474,14.76563,168,801562,-1.214128
8.770252,347.8711,3958,801575,19.62602
8.794114,314.1211,3574,801587,-1.835533
8.821269,275.7129,3137,801600,-2.088874
8.844509,242.8418,2763,801613,-1.787732
8.864021,215.2441,2449,801626,-1.50093
8.880364,192.1289,2186,801639,-1.361911
8.89503,171.3867,1950,801651,-1.128088
8.91274,146.3379,1665,801664,-1.362309
8.940827,106.6113,1213,801678,-2.160575
8.968604,67.32422,766,801690,-2.136675
8.988116,39.72656,452,801703,-1.50093
9.003838,17.49023,199,801716,-1.209348
9.239785,351.2109,3996,801729,19.66227
9.263212,318.0762,3619,801741,-1.802072
9.289995,280.1953,3188,801754,-2.060194
9.31423,245.918,2798,801767,-1.864213
9.334364,217.4414,2474,801780,-1.548731
9.350893,194.0625,2208,801793,-1.377446
9.36649,172.002,1957,801806,-1.114089
9.384635,146.3379,1665,801819,-1.395769
9.410672,109.5117,1246,801832,-2.002834
9.438946,69.52148,791,801844,-2.356158
9.458769,41.48438,472,801857,-1.52483
9.474552,19.16016,218,801870,-1.214128
9.710935,353.4961,4022,801883,19.69851
9.734362,320.3613,3645,801895,-1.802072
9.761393,282.1289,3210,801908,-2.079314
9.785876,247.5,2816,801921,-1.883333
9.805512,219.7266,2500,801934,-1.51049
9.823595,194.1504,2209,801947,-1.390989
9.838074,173.6719,1976,801960,-1.113748
9.855908,148.4473,1689,801973,-1.371869
9.881138,112.7637,1283,801986,-1.940693
9.910219,71.63086,815,801999,-2.237056
9.930477,42.97852,489,802011,-1.688148
9.946385,20.47852,233,802024,-1.223688
10.1832,355.4297,4044,802037,18.2167
10.20675,322.1191,3665,802050,-1.811632
10.23304,284.9414,3242,802062,-2.19045
10.25821,249.3457,2837,802075,-1.935913
10.27952,219.1992,2494,802089,-1.522441
10.29661,195.0293,2219,802102,-1.314509
10.31121,174.375,1984,802114,-1.216917
10.3288,149.502,1701,802127,-1.352749
10.35359,114.4336,1302,802140,-1.907233
10.3828,73.125,832,802153,-2.246615
10.40349,43.85742,499,802166,-1.724397
10.41952,21.18164,241,802178,-1.336019
10.65659,356.4844,4056,802191,18.23582
10.68001,323.3496,3679,802204,-1.802072
10.70655,285.8203,3252,802217,-2.041074
10.73296,248.4668,2827,802230,-2.031514
10.75284,220.3418,2507,802243,-1.52961
10.77024,195.7324,2227,802256,-1.338409
10.78478,175.166,1993,802269,-1.118528
10.80212,150.6445,1714,802282,-1.444765
10.82605,116.8066,1329,802294,-1.840313
10.85538,75.32227,857,802307,-2.256176
10.8765,45.43945,517,802320,-1.625211
10.89272,22.5,256,802333,-1.351554
11.13022,358.418,4078,802345,18.26929
11.1529,326.3379,3713,802358,-1.744712
11.17913,289.248,3291,802371,-2.017174
11.20578,251.543,2862,802385,-2.050634
11.22586,223.1543,2539,802397,-1.543951
11.2435,198.1934,2255,802410,-1.357529
11.25848,177.0117,2014,802423,-1.151988
11.27495,153.7207,1749,802436,-1.266709
11.29844,120.498,1371,802449,-1.806852
11.32789,78.83789,897,802462,-2.454547
11.34958,48.16406,548,802474,-1.668231
11.36579,25.22461,287,802487,-1.247589
11.38301,0.8789063,10,802500,-1.324069
11.61591,330.293,3758,802512,19.40853
11.64244,292.7637,3331,802525,-2.041074
11.6696,254.3555,2894,802539,-1.939669
11.6906,224.6484,2556,802552,-1.615651
11.70788,200.2148,2278,802565,-1.439586
11.72316,178.5938,2032,802577,-1.273879
11.73926,155.8301,1773,802590,-1.238028
11.76244,123.0469,1400,802603,-1.782952
11.79183,81.47461,927,802616,-2.260956
11.81463,49.21875,560,802629,-1.900461
11.83054,26.71875,304,802641,-1.223688
11.848,2.021484,23,802654,-1.343189
12.08159,332.4023,3782,802667,17.96814
12.10787,295.2246,3359,802680,-2.19045
12.13335,259.1895,2949,802692,-1.959813
12.15659,226.3184,2575,802706,-1.660037
12.17412,201.5332,2293,802719,-1.347969
12.18928,180.0879,2049,802732,-1.166328
12.20506,157.7637,1795,802745,-1.315306
12.22756,125.9473,1433,802757,-1.730372
12.25651,84.99023,967,802770,-2.227495
12.28031,51.32813,584,802783,-1.830752
12.2966,28.30078,322,802796,-1.252368
12.31356,4.306641,49,802808,-1.413695
12.54727,334.8633,3810,802821,17.9777
12.57362,297.5977,3386,802834,-2.026734
12.59934,261.2109,2972,802847,-1.978933
12.62147,229.9219,2616,802860,-1.843499
12.64054,202.9395,2309,802873,-1.362651
12.65614,180.8789,2058,802886,-1.199788
12.67192,158.5547,1804,802899,-1.214128
12.69417,127.0898,1446,802912,-1.711252
12.72288,86.48438,984,802925,-2.208375
12.74699,52.38281,596,802937,-2.009207
12.76358,28.91602,329,802950,-1.276269
12.7803,5.273438,60,802963,-1.285829
13.01438,336.3574,3827,802976,18.00639
13.04042,299.5313,3408,802988,-2.169736
13.06645,262.7051,2989,803001,-2.002834
13.08839,231.6797,2636,803014,-1.687352
13.10672,205.752,2341,803027,-1.41011
13.12219,183.8672,2092,803040,-1.190228
13.13891,160.2246,1823,803054,-1.193984
13.16103,128.9355,1467,803067,-1.843499
13.18974,88.33008,1005,803079,-2.208375
13.21398,54.05273,615,803092,-1.864213
13.231,29.9707,341,803105,-1.309729
13.24759,6.503906,74,803118,-1.382624
13.48193,337.9395,3845,803130,18.0255
13.50753,301.7285,3433,803143,-1.969374
13.53387,264.4629,3009,803156,-2.026734
13.55562,233.7012,2659,803169,-1.673011
13.57451,206.9824,2355,803182,-1.574224
13.59005,185.0098,2105,803194,-1.195008
13.60509,163.7402,1863,803207,-1.156768
13.62516,135.3516,1540,803220,-1.543951
13.65461,93.69141,1066,803233,-2.265736
13.68158,55.54688,632,803247,-1.926353
13.69873,31.28906,356,803260,-1.42923
13.71539,7.734375,88,803272,-1.387803
13.94959,338.9941,3857,803285,18.01594
13.97451,303.75,3456,803298,-1.916793
14.00129,265.8691,3025,803311,-2.060194
14.02335,234.668,2670,803324,-1.838321
14.04224,207.9492,2366,803336,-1.45313
14.0579,185.8008,2114,803349,-1.204568
14.07313,164.2676,1869,803362,-1.171108
14.09307,136.0547,1548,803375,-1.53439
14.12191,95.27344,1084,803388,-2.217935
14.14745,59.15039,673,803400,-2.128309
14.16541,33.75,384,803413,-1.381429
14.18162,10.81055,123,803426,-1.247589
14.41397,339.4336,3862,803440,16.59593
14.43901,304.0137,3459,803453,-1.926353
14.46585,266.0449,3027,803466,-2.064974
14.48816,234.4922,2668,803478,-1.859034
14.50687,208.0371,2367,803491,-1.43879
14.52246,185.9766,2116,803504,-1.199788
14.53775,164.3555,1870,803517,-1.175888
14.55795,135.791,1545,803530,-1.553511
14.58653,95.36133,1085,803543,-2.38205
14.61238,58.79883,669,803555,-1.988494
14.63003,33.83789,385,803568,-1.357529
14.64631,10.81055,123,803581,-1.252368
14.88101,342.7734,3900,803594,19.5587
14.90606,307.3535,3497,803606,-1.926353
14.93265,269.7363,3069,803619,-2.045854
14.95558,237.3047,2700,803632,-1.763832
14.97609,208.3008,2370,803646,-1.464739
14.99194,185.8887,2115,803659,-1.218908
15.00722,164.2676,1869,803672,-1.175888
15.02767,135.3516,1540,803685,-1.572631
15.056,95.27344,1084,803698,-2.361336
15.08191,58.62305,667,803710,-1.993274
15.09956,33.66211,383,803723,-1.357529
15.1159,10.54688,120,803736,-1.257149
15.35092,342.9492,3902,803748,19.58459
15.37658,306.6504,3489,803761,-1.974154
15.40293,269.3848,3065,803774,-2.026734
15.42586,236.9531,2696,803787,-1.763832
15.44475,210.2344,2392,803800,-1.45313
15.46091,187.3828,2132,803813,-1.242809
15.47582,166.2891,1892,803826,-1.242809
15.49589,137.9004,1569,803838,-1.543951
15.52715,93.69141,1066,803853,-2.232617
15.55294,57.2168,651,803865,-1.983714
15.57052,32.34375,368,803878,-1.352749
15.58699,9.052734,103,803891,-1.266709
15.82194,341.3672,3884,803904,19.57941
15.84767,304.9805,3470,803916,-1.978933
15.87389,267.8906,3048,803929,-2.017174
15.89664,235.7227,2682,803942,-1.749492
15.91559,208.916,2377,803955,-1.45791
15.93168,186.1523,2118,803968,-1.238028
15.94647,165.2344,1880,803981,-1.232452
15.96667,136.6699,1555,803993,-1.553511
15.99482,96.85547,1102,804006,-2.165355
16.02123,59.50195,677,804019,-2.031514
16.03881,34.62891,394,804032,-1.352749
16.05559,10.89844,124,804044,-1.39816
16.29085,343.6523,3910,804057,18.0972
16.31938,303.3105,3451,804072,-2.037318
16.34547,266.3965,3031,804084,-2.007614
16.36822,234.2285,2665,804097,-1.749492
16.38667,208.125,2368,804110,-1.41967
16.40277,185.3613,2109,804123,-1.238028
16.41768,164.2676,1869,804136,-1.147208
16.43844,134.9121,1535,804149,-1.729575
16.46684,94.74609,1078,804161,-2.184475
16.49281,58.00781,660,804174,-1.998054
16.51021,33.39844,380,804187,-1.338409
16.52724,9.316406,106,804200,-1.418873
16.76213,341.543,3886,804212,18.06852
16.78766,305.4199,3475,804225,-1.964593
16.81401,268.1543,3051,804238,-2.026734
16.83682,235.8984,2684,804251,-1.754272
16.85527,209.7949,2387,804264,-1.41967
16.8718,186.416,2121,804277,-1.377446
16.88696,164.9707,1877,804290,-1.166328
16.90996,132.4512,1507,804304,-1.532797
16.93854,92.02148,1047,804317,-2.198815
16.96408,55.89844,636,804329,-2.128309
16.98104,31.9043,363,804342,-1.304949
16.99801,7.910156,90,804355,-1.304949
17.23265,339.7852,3866,804368,19.55352
17.2585,303.2227,3450,804380,-2.154202
17.28429,266.748,3035,804393,-1.983714
17.30734,234.1406,2664,804406,-1.773392
17.32567,208.2129,2369,804419,-1.41011
17.34171,185.5371,2111,804432,-1.233248
17.35674,164.2676,1869,804445,-1.156768
17.37756,134.8242,1534,804458,-1.734754
17.40571,95.00977,1081,804470,-2.165355
17.43169,58.27148,663,804483,-1.998054
17.44952,33.04688,376,804496,-1.371869
17.46611,9.580078,109,804509,-1.276269
17.70069,341.3672,3884,804521,19.54834
17.72605,305.5078,3476,804534,-1.950253
17.75519,264.2871,3007,804549,-2.081704
17.77769,232.4707,2645,804562,-1.730372
17.79639,206.0156,2344,804574,-1.43879
17.81205,183.8672,2092,804587,-1.204568
17.82746,162.0703,1844,804600,-1.185448
17.84871,132.0117,1502,804613,-1.634771
17.87761,91.14258,1037,804626,-2.222715
17.90246,55.98633,637,804639,-2.071347
17.91998,31.20117,355,804651,-1.347969
17.93682,7.382813,84,804664,-1.295389
18.17122,338.9063,3856,804677,18.03028
18.19651,303.1348,3449,804690,-1.945473
18.22298,265.6934,3023,804702,-2.205985
18.2456,233.7012,2659,804715,-1.739932
18.26424,207.334,2359,804728,-1.43401
18.28009,184.9219,2104,804741,-1.218908
18.29538,163.3008,1858,804754,-1.175888
18.31588,134.2969,1528,804767,-1.577411
18.34496,93.16406,1060,804780,-2.423477
18.37268,53.96484,614,804794,-1.847642
18.38977,29.79492,339,804807,-1.314509
18.40679,5.712891,65,804820,-1.309729
18.64063,336.4453,3828,804832,19.4862
18.66629,300.1465,3415,804845,-1.974154
18.69301,262.3535,2985,804858,-2.055414
18.71464,231.7676,2637,804871,-1.663451
18.73291,205.9277,2343,804884,-1.40533
18.74857,183.7793,2091,804897,-1.204568
18.76441,161.3672,1836,804910,-1.320484
18.78548,131.5723,1497,804922,-1.620431
18.81481,90.08789,1025,804935,-2.256176
18.83929,55.45898,631,804948,-1.883333
18.85657,31.02539,353,804961,-1.328849
18.87341,7.207031,82,804974,-1.403338
19.10761,338.4668,3851,804986,18.01594
19.13259,303.1348,3449,804999,-1.921573
19.15981,264.6387,3011,805012,-2.093654
19.18218,232.998,2651,805025,-1.720812
19.20058,206.9824,2355,805038,-1.41489
19.21798,182.373,2075,805052,-1.242808
19.23413,159.5215,1815,805065,-1.242809
19.25557,129.1992,1470,805078,-1.649111
19.28472,87.97852,1001,805091,-2.241836
19.30901,53.61328,610,805104,-1.868993
19.32604,29.53125,336,805117,-1.418873
19.34269,5.976563,68,805129,-1.281049
19.57628,336.3574,3827,805142,17.96814
19.60157,300.5859,3420,805155,-1.945473
19.62829,262.793,2990,805168,-2.055414
19.65016,231.8555,2638,805181,-1.682572
19.66856,205.8398,2342,805194,-1.532797
19.68409,183.8672,2092,805206,-1.195008
19.69975,161.7188,1840,805219,-1.204568
19.72094,131.748,1499,805232,-1.629991
19.74965,91.14258,1037,805245,-2.208375
19.77463,55.81055,635,805258,-1.921573
19.79222,30.9375,352,805271,-1.465478
19.80887,7.382813,84,805283,-1.281049
20.04296,338.4668,3851,805296,18.00639
20.06856,302.2559,3439,805309,-1.969374
20.0982,260.332,2962,805324,-2.117213
20.1197,229.9219,2616,805337,-1.791716
20.13797,204.082,2322,805349,-1.40533
20.15369,181.8457,2069,805362,-1.209348
20.16947,159.5215,1815,805375,-1.214128
20.19141,128.4961,1462,805388,-1.687352
20.22018,87.80273,999,805401,-2.213155
20.24466,53.17383,605,805414,-2.040277
20.26163,29.17969,332,805426,-1.304949
20.27847,5.361328,61,805439,-1.295389
20.51224,336.0059,3823,805452,17.98248
20.53803,299.5313,3408,805465,-1.983714
20.56437,262.2656,2984,805478,-2.026734
20.58606,231.5918,2635,805491,-1.807251
20.60433,205.752,2341,805503,-1.40533
20.62024,183.252,2085,805516,-1.223688
20.63571,161.3672,1836,805529,-1.190228
20.65734,130.7813,1488,805542,-1.663451
20.68629,89.82422,1022,805555,-2.227495
20.71084,55.10742,627,805568,-1.888113
20.72799,30.84961,351,805580,-1.42923
20.7452,6.503906,74,805593,-1.324069
20.9763,333.3691,3793,805608,15.40668
21.00278,295.9277,3367,805621,-2.205985
21.02856,259.4531,2952,805634,-2.149023
21.05019,228.8672,2604,805646,-1.663451
21.06821,203.3789,2314,805659,-1.38621
21.08393,181.1426,2061,805672,-1.209348
21.0994,159.2578,1812,805685,-1.190228
21.12171,127.7051,1453,805698,-1.716032
21.15098,86.30859,982,805711,-2.251395
21.17497,52.38281,596,805723,-1.99885
21.19168,28.74023,327,805736,-1.285829
21.2089,4.394531,50,805749,-1.324069
21.44286,335.3027,3815,805762,17.99682
21.46914,298.125,3392,805775,-2.19045
21.49518,261.2988,2973,805787,-2.002834
21.51699,230.4492,2622,805800,-1.677792
21.53507,204.873,2331,805813,-1.390989
21.55111,182.1973,2073,805826,-1.233248
21.5667,160.1367,1822,805839,-1.199788
21.58889,128.7598,1465,805852,-1.706472
21.61735,88.50586,1007,805865,-2.189255
21.64226,53.26172,606,805878,-2.076526
21.65904,29.53125,336,805890,-1.290609
21.67886,1.494141,17,805905,-1.32152
21.91195,331.1719,3768,805918,17.9299
21.93836,293.8184,3343,805931,-2.200807
21.96403,257.5195,2930,805943,-1.974154
21.98584,226.6699,2579,805956,-1.677792
22.0033,201.9727,2298,805969,-1.343189
22.01889,179.9121,2047,805982,-1.199788
22.03493,157.2363,1789,805995,-1.233248
22.05786,124.8047,1420,806008,-1.763832
22.08644,84.375,960,806021,-2.198815
22.11012,50.88867,579,806033,-1.972959
22.12677,27.33398,311,806046,-1.281049
22.14405,2.900391,33,806059,-1.328849
22.37745,333.0176,3789,806072,17.9538
22.40398,295.4883,3362,806085,-2.041074
22.42958,259.2773,2950,806098,-2.133488
22.45096,229.043,2606,806110,-1.644331
22.46892,203.6426,2317,806123,-1.381429
22.48489,181.0547,2060,806136,-1.228468
22.50048,158.9941,1809,806149,-1.199788
22.52335,126.6504,1441,806162,-1.759052
22.552,86.13281,980,806175,-2.203595
22.5758,52.4707,597,806188,-1.983315
22.59301,28.125,320,806201,-1.324069
22.61259,0.4394531,5,806215,-1.304949
22.84499,329.1504,3745,806228,17.87732
22.87183,291.1816,3313,806241,-2.064974
22.89681,255.8496,2911,806254,-1.921573
22.91769,226.3184,2575,806267,-1.739932
22.93584,200.6543,2283,806279,-1.395769
22.95131,178.7695,2034,806292,-1.190228
22.96759,155.7422,1772,806305,-1.252368
22.99071,123.0469,1400,806318,-1.778172
23.02004,81.5625,928,806331,-2.256176
23.04285,49.30664,561,806344,-1.754272
23.05944,25.83984,294,806357,-1.382624
23.0769,1.142578,13,806369,-1.343189
23.30968,330.3809,3759,806382,17.906
23.33603,293.1152,3335,806395,-2.026734
23.36163,256.9043,2923,806408,-1.969374
23.38301,226.6699,2579,806421,-1.644331
23.40115,201.0059,2287,806434,-1.512084
23.41662,179.1211,2038,806447,-1.190228
23.43296,156.0059,1775,806459,-1.257149
23.45571,123.8379,1409,806472,-1.749492
23.48553,81.65039,929,806485,-2.294416
23.50803,49.83398,567,806498,-1.730372
23.52487,26.01563,296,806511,-1.295389
23.54246,1.142578,13,806524,-1.352749
23.77151,325.1074,3699,806538,16.36069
23.79804,287.5781,3272,806551,-2.041074
23.82339,251.7188,2864,806564,-1.950253
23.84402,222.5391,2532,806577,-1.586971
23.86154,197.7539,2250,806590,-1.347969
23.87652,176.5723,2009,806603,-1.151988
23.89404,151.7871,1727,806616,-1.347969
23.91797,117.9492,1342,806629,-1.993672
23.94767,75.9375,864,806642,-2.284856
23.96892,45.87891,522,806654,-1.634771
23.98551,22.41211,255,806667,-1.276269
24.22233,357.3633,4066,806680,18.2167
24.2457,324.3164,3690,806693,-1.797292
24.27204,287.0508,3266,806706,-2.026734
24.2974,251.1914,2858,806719,-2.112774
24.31778,222.3633,2530,806731,-1.567851
24.33555,197.2266,2244,806744,-1.367089
24.35046,176.1328,2004,806757,-1.147208
24.36811,151.1719,1720,806770,-1.357529
24.39216,117.1582,1333,806783,-1.849873
24.4218,75.23438,856,806796,-2.280076
24.44312,45.08789,513,806809,-1.639551
24.45971,21.62109,246,806822,-1.382624
24.69646,356.4844,4056,806834,18.21193
24.71995,323.2617,3678,806847,-1.806852
24.74655,285.6445,3250,806860,-2.045854
24.77526,245.0391,2788,806875,-1.913925
24.7952,216.8262,2467,806888,-1.53439
24.81248,192.3926,2189,806901,-1.328849
24.82727,171.4746,1951,806914,-1.137648
24.84585,145.1953,1652,806927,-1.42923
24.87226,107.8418,1227,806940,-2.200807
24.90066,67.67578,770,806952,-2.184475
24.92029,39.90234,454,806965,-1.51049
24.93682,16.52344,188,806978,-1.271489
25.17258,349.9805,3982,806991,18.13544
25.19713,315.2637,3587,807004,-1.888113
25.22379,277.5586,3158,807017,-2.22152
25.2479,243.457,2770,807030,-1.854653
25.26772,215.4199,2451,807042,-1.52483
25.28487,191.1621,2175,807055,-1.319289
25.29972,170.1563,1936,807068,-1.142428
25.31868,143.3496,1631,807081,-1.45791
25.34558,105.293,1198,807094,-2.069754
25.37355,65.74219,748,807107,-2.151015
25.39275,38.58398,439,807120,-1.47703
25.40934,15.11719,172,807133,-1.382624
25.64479,348.1348,3961,807145,18.11154
25.6694,313.3301,3565,807158,-1.892893
25.69637,275.1855,3131,807171,-2.074534
25.72048,241.084,2743,807184,-1.854653
25.7398,213.75,2432,807197,-1.48659
25.75664,189.9316,2161,807210,-1.295389
25.77435,164.8828,1876,807225,-1.180668
25.79517,135.4395,1541,807238,-1.601311
25.82338,95.53711,1087,807251,-2.170135
25.8496,58.44727,665,807264,-2.185272
25.86744,33.22266,378,807276,-1.371869
25.88465,8.876953,101,807289,-1.324069
26.11917,340.5762,3875,807302,18.03984
26.14452,304.7168,3467,807315,-1.950253
26.17087,267.4512,3043,807328,-2.026734
26.19405,234.668,2670,807341,-1.931532
26.21275,208.2129,2369,807354,-1.43879
26.22903,185.1855,2107,807366,-1.252368
26.24432,163.5645,1861,807379,-1.175888
26.2652,134.0332,1525,807392,-1.606091
26.2936,93.86719,1068,807405,-2.184475
26.31964,57.04102,649,807418,-2.002834
26.33722,32.16797,366,807431,-1.352749
26.35419,8.173828,93,807444,-1.413695
26.58864,339.7852,3866,807456,18.03506
26.61461,303.0469,3448,807469,-1.998054
26.64078,266.0449,3027,807482,-2.012394
26.66377,233.5254,2657,807495,-1.768612
26.68241,207.1582,2357,807508,-1.43401
26.69838,184.5703,2100,807521,-1.228468
26.71373,162.8613,1853,807534,-1.180668
26.7351,132.627,1509,807547,-1.644331
26.76338,92.63672,1054,807560,-2.174915
26.7891,56.25,640,807573,-2.143845
26.80936,27.59766,314,807588,-1.350519
26.82651,3.339844,38,807600,-1.319289
27.05973,333.1934,3791,807613,17.93946
27.08651,295.3125,3360,807626,-2.060194
27.11199,259.2773,2950,807639,-1.959813
27.13405,228.0762,2595,807652,-1.696912
27.15195,202.7637,2307,807665,-1.376649
27.16785,180.2637,2051,807678,-1.223688
27.18351,158.1152,1799,807691,-1.304949
27.2065,125.5957,1429,807704,-1.915997
27.23558,84.46289,961,807716,-2.237056
27.25951,50.625,576,807729,-1.840313
27.27647,26.63086,303,807742,-1.304949
27.29356,2.460938,28,807755,-1.314509
27.52652,331.9629,3777,807768,17.92034
27.55337,293.9941,3345,807781,-2.237056
27.57866,258.2227,2938,807793,-1.945473
27.60066,227.1094,2584,807806,-1.692132
27.61868,201.6211,2294,807819,-1.38621
27.63446,179.2969,2040,807832,-1.214128
27.65068,156.3574,1779,807845,-1.247589
27.67386,123.5742,1406,807858,-1.782952
27.70337,81.82617,931,807871,-2.270515
27.7263,49.39453,562,807884,-1.763832
27.74314,25.57617,291,807897,-1.403338
27.76067,0.7910156,9,807909,-1.347969
27.99332,329.8535,3753,807922,17.89644
28.0201,291.9727,3322,807935,-2.060194
28.04552,256.0254,2913,807948,-1.955033
28.07044,220.7813,2512,807963,-1.661221
28.08784,196.1719,2232,807976,-1.338409
28.10306,174.6387,1987,807989,-1.171108
28.12052,149.9414,1706,808002,-1.343189
28.1455,114.6094,1304,808015,-1.921573
28.17477,73.21289,833,808028,-2.251395
28.19565,43.68164,497,808041,-1.606091
28.21187,20.74219,236,808053,-1.351554
28.448,354.7266,4036,808066,18.16412
28.47137,321.6797,3660,808079,-1.797292
28.49803,283.9746,3231,808092,-2.050634
28.52319,248.3789,2826,808105,-1.935913
28.5437,219.375,2496,808118,-1.577411
28.56085,195.1172,2220,808131,-1.319289
28.57589,173.8477,1978,808144,-1.156768
28.59378,148.5352,1690,808157,-1.376649
28.61908,112.7637,1283,808170,-2.107596
28.6481,71.71875,816,808183,-2.232275
28.66866,42.62695,485,808195,-1.582191
28.68507,19.42383,221,808208,-1.261929
28.92102,353.1445,4018,808221,18.14978
28.94488,319.3945,3634,808234,-1.835533
28.97154,281.6895,3205,808247,-2.050634
28.99621,246.7969,2808,808260,-1.897673
29.01622,218.4961,2486,808273,-1.539171
29.03356,193.9746,2207,808286,-1.444765
29.04853,172.793,1966,808299,-1.151988
29.06693,146.7773,1670,808311,-1.41489
29.09271,110.3027,1255,808324,-1.983714
29.1213,69.87305,795,808337,-2.198815
29.14498,36.38672,414,808353,-1.479719
29.16144,13.0957,149,808366,-1.372268
29.39627,345.2344,3928,808378,18.06375
29.4215,309.5508,3522,808391,-1.940693
29.44791,272.1973,3097,808404,-2.031514
29.47134,239.0625,2720,808417,-1.802072
29.49091,211.377,2405,808430,-1.50571
29.50725,188.2617,2142,808443,-1.257149
29.5226,166.5527,1895,808456,-1.180668
29.54236,138.6035,1577,808469,-1.520051
29.57051,98.78906,1124,808482,-2.165355
29.59705,61.25977,697,808495,-2.211164
29.61556,35.06836,399,808507,-1.42445
29.63228,11.42578,130,808520,-1.285829
29.86736,343.916,3913,808533,18.08286
29.8929,307.793,3502,808546,-1.964593
29.91931,270.4395,3077,808559,-2.031514
29.94248,237.6563,2704,808572,-1.782952
29.96181,210.3223,2393,808585,-1.48659
29.97828,187.0313,2128,808598,-1.266709
29.99331,165.7617,1886,808611,-1.156768
30.01363,137.0215,1559,808624,-1.693326
30.04191,97.03125,1104,808637,-2.174915
30.06826,59.76563,680,808649,-2.026734
30.08634,34.18945,389,808662,-1.390989
30.10349,9.931641,113,808675,-1.319289
30.33826,341.9824,3891,808688,18.05896
30.36374,305.9473,3481,808701,-1.959813
30.39021,268.5059,3055,808714,-2.036294
30.41339,235.7227,2682,808727,-1.782952
30.43246,208.7402,2375,808740,-1.589759
30.45229,180.7031,2056,808756,-1.238925
30.4685,157.7637,1795,808769,-1.247589
30.49112,125.7715,1431,808782,-1.739932
30.52083,83.75977,953,808794,-2.284856
30.54432,50.53711,575,808807,-1.806852
30.56109,26.80664,305,808820,-1.290609
30.57862,2.021484,23,808833,-1.347969
30.81139,331.2598,3769,808846,17.906
30.83799,293.6426,3341,808859,-2.045854
30.86384,257.0801,2925,808872,-1.988494
30.88596,225.791,2569,808885,-1.843499
30.90386,200.4785,2281,808898,-1.376649
30.91896,179.1211,2038,808911,-1.161548
30.93574,155.3906,1768,808923,-1.290609
30.95922,122.168,1390,808936,-1.806852
30.98868,80.50781,916,808949,-2.265736
31.01161,48.07617,547,808962,-1.763832
31.02814,24.69727,281,808975,-1.271489
31.26489,359.5605,4091,808988,18.21193
31.28745,327.6563,3728,809001,-1.735152
31.31423,289.7754,3297,809014,-2.060194
31.33996,253.3887,2883,809027,-1.978933
31.3614,223.0664,2538,809040,-1.649111
31.37886,198.3691,2257,809053,-1.455122
31.39427,176.5723,2009,809066,-1.185448
31.41142,152.3145,1733,809079,-1.319289
31.43591,117.6855,1339,809091,-1.883333
31.46499,76.55273,871,809104,-2.237056
31.48711,45.26367,515,809117,-1.701692
31.5037,21.79688,248,809130,-1.276269
31.74008,356.1328,4052,809143,18.18324
31.76295,323.7891,3684,809156,-1.759052
31.78967,285.9961,3254,809169,-2.226699
31.81825,245.5664,2794,809184,-1.90564
31.83839,217.0898,2470,809196,-1.548731
31.85504,193.5352,2202,809209,-1.281049
31.86983,172.6172,1964,809222,-1.137648
31.88766,147.3926,1677,809234,-1.486192
31.91352,110.8301,1261,809247,-1.988494
31.94098,71.98242,819,809260,-2.288839
31.96174,42.62695,485,809272,-1.596531
31.97777,19.95117,227,809285,-1.233248
32.21421,354.375,4032,809297,19.70369
32.23683,322.3828,3668,809310,-1.739932
32.2638,284.2383,3234,809323,-2.074534
32.28791,250.1367,2846,809335,-2.009207
32.30854,220.957,2514,809348,-1.586971
32.3255,196.9629,2241,809361,-1.413695
32.34054,175.6934,1999,809373,-1.253165
32.3572,152.1387,1731,809386,-1.281049
32.38181,117.334,1335,809399,-2.050634
32.41002,77.43164,881,809411,-2.170135
